Workbook

Sheet Orientações
B2: Mapa de Preços — template
B3: Documento da pesquisa de preços da contratação (IN SEGES/ME nº 65/2021, art. 3º; IN SGD/ME nº 94/2022, art. 20). Responsáveis: Integrante Administrativo (coleta, fontes, fornecedores) com o Integrante Técnico (análise crítica e preço estimado).
B5: Legenda
B6: Fundo amarelo: célula para preencher. Fundo azul: célula calculada, não editar. Texto cinza em itálico: linha de exemplo, apagar antes de usar.
B8: Como preencher
B9: 1. Aba Identificação: objeto, processo, equipe e datas (art. 3º, I e II).
B10: 2. Aba Itens: um item por linha, com unidade, quantidade (do ETP) e o método estatístico escolhido.
B11: 3. Aba Coleta: um preço por linha, com o parâmetro do art. 5º (I a V), a fonte, a data e o documento de suporte. Marque como Excluído o preço inexequível, inconsistente ou excessivamente elevado e escreva o motivo (art. 6º, caput e § 3º).
B12: 4. Aba Fornecedores: todos os fornecedores consultados na pesquisa direta, inclusive os que não responderam (art. 5º, § 2º, IV).
B13: 5. Aba Mapa: confira as estatísticas e os alertas. O preço estimado sai do método escolhido na aba Itens, com o ajuste percentual do art. 6º, § 2º, se houver.
B14: 6. Aba Justificativas: metodologia, critérios de exclusão, escolha dos fornecedores e exceções (art. 3º, VI e VIII; art. 6º, §§ 1º e 5º).
B16: Regras da IN SEGES/ME 65/2021 refletidas na planilha (conferir no texto da norma antes de usar)
... B22: IN 94, art. 20, §§ 1º a 3º: proposta de fornecedor só com justificativa; considerar preços praticados pelos fabricantes; usar o PMC-TIC quando o item constar em catálogo, salvo pesquisa com valor inferior.

Sheet Identificação
A1: Identificação da pesquisa de preços
A2: Órgão/entidade
A3: Processo nº
A4: Objeto da contratação (art. 3º, I)
A5: Responsáveis pela pesquisa / Equipe de Planejamento (art. 3º, II)
A6: Data de conclusão da pesquisa
A7: Data prevista de divulgação do edital
A8: Item em Catálogo de Soluções de TIC com PMC-TIC? (IN 94, art. 20, § 3º) | B8: Não
A9: Limite de coeficiente de variação para alerta (parâmetro do órgão) | B9: 0.25

Sheet Itens
A1: Item | B1: Descrição (igual ao TR) | C1: CATMAT/CATSER | D1: Unidade | E1: Quantidade (ETP) | F1: Método (art. 6º) | G1: Ajuste % (art. 6º, § 2º) | H1: PMC-TIC (se houver)
A2: 1 | B2: EXEMPLO — Notebook corporativo, conforme especificação do TR | C2: 000000 | D2: unidade | E2: 150 | F2: Mediana | G2: 0

Sheet Coleta
A1: Item | B1: Parâmetro (art. 5º) | C1: Fonte (identificação: sistema, órgão/contrato, sítio, fornecedor, NF) | D1: Data do preço / acesso | E1: Valor unitário coletado | F1: Fator de atualização (1 = sem) | G1: Valor unitário atualizado | H1: Situação | I1: Motivo da exclusão (art. 6º, § 3º) | J1: Documento de suporte (arquivo/página)
A2: 1 | B2: I | C2: EXEMPLO — Painel de Preços, consulta em dd/mm/aaaa | E2: 5200 | F2: 1 | G2: =IF(E2="","",E2*IF(F2="",1,F2)) -> 5200 | H2: Válido | J2: insumos/precos/painel.pdf p. 2
A3: 1 | B3: II | C3: EXEMPLO — Contrato nº xx/aaaa do órgão X | E3: 5450 | F3: 1.02 | G3: =IF(E3="","",E3*IF(F3="",1,F3)) -> 5559 | H3: Válido | J3: insumos/precos/contrato-x.pdf
A4: 1 | B4: IV | C4: EXEMPLO — Fornecedor A (cotação formal) | E4: 9800 | F4: 1 | G4: =IF(E4="","",E4*IF(F4="",1,F4)) -> 9800 | H4: Excluído | I4: EXEMPLO — 80% acima da mediana dos demais preços | J4: insumos/precos/cotacao-a.pdf
G5: =IF(E5="","",E5*IF(F5="",1,F5))
G6: =IF(E6="","",E6*IF(F6="",1,F6))
G7: =IF(E7="","",E7*IF(F7="",1,F7))
G8: =IF(E8="","",E8*IF(F8="",1,F8))
G9: =IF(E9="","",E9*IF(F9="",1,F9))
G10: =IF(E10="","",E10*IF(F10="",1,F10))
G11: =IF(E11="","",E11*IF(F11="",1,F11))
G12: =IF(E12="","",E12*IF(F12="",1,F12))
G13: =IF(E13="","",E13*IF(F13="",1,F13))
G14: =IF(E14="","",E14*IF(F14="",1,F14))
G15: =IF(E15="","",E15*IF(F15="",1,F15))
G16: =IF(E16="","",E16*IF(F16="",1,F16))
... G301: =IF(E301="","",E301*IF(F301="",1,F301))

Sheet Fornecedores
A1: Fornecedor | B1: CNPJ/CPF | C1: E-mail / telefone | D1: Data da solicitação | E1: Data da resposta | F1: Respondeu? | G1: Justificativa da escolha (art. 3º, VIII) | H1: Documento (solicitação/proposta)
A2: EXEMPLO — Fornecedor A | B2: 00.000.000/0001-00 | C2: comercial@exemplo.com | F2: Sim | G2: EXEMPLO — revenda autorizada com contratos públicos do mesmo objeto | H2: insumos/precos/cotacao-a.pdf

Sheet Mapa
A1: Item | B1: Descrição | C1: Unidade | D1: Quantidade | E1: Nº preços válidos | F1: Média | G1: Mediana | H1: Menor valor | I1: Desvio padrão | J1: CV | K1: Método | L1: Preço unitário (método) | M1: Ajuste % | N1: Preço unitário estimado | O1: PMC-TIC | P1: Valor total estimado | Q1: Alertas
A2: =IF(Itens!A2="","",Itens!A2) -> 1 | B2: =IF(A2="","",Itens!B2) -> EXEMPLO — Notebook corporativo, conforme especificação do TR | C2: =IF(A2="","",Itens!D2) -> unidade | D2: =IF(A2="","",Itens!E2) -> 150 | E2: =IF(A2="","",COUNTIFS(Coleta!$A$2:$A$301,A2,Coleta!$H$2:$H$301,"Válido")) -> 2 | F2: =IF(OR(A2="",E2=0),"",AVERAGEIFS(Coleta!$G$2:$G$301,Coleta!$A$2:$A$301,A2,Coleta!$H$2:$H$301,"Válido")) -> 5379.5 | G2: {=IF(OR(A2="",E2=0),"",MEDIAN(IF((Coleta!$A$2:$A$301=A2)*(Coleta!$H$2:$H$301="Válido"),Coleta!$G$2:$G$301)))} -> 5379.5 | H2: =IF(OR(A2="",E2=0),"",_xlfn.MINIFS(Coleta!$G$2:$G$301,Coleta!$A$2:$A$301,A2,Coleta!$H$2:$H$301,"Válido")) -> 5200 | I2: {=IF(OR(A2="",E2<2),"",STDEV(IF((Coleta!$A$2:$A$301=A2)*(Coleta!$H$2:$H$301="Válido"),Coleta!$G$2:$G$301)))} -> 253.85133 | J2: =IF(OR(A2="",E2<2),"",I2/F2) -> 0.047188648 | K2: =IF(A2="","",Itens!F2) -> Mediana | L2: =IF(OR(A2="",E2=0,K2=""),"",IF(K2="Média",F2,IF(K2="Mediana",G2,H2))) -> 5379.5 | M2: =IF(A2="","",IF(Itens!G2="",0,Itens!G2)) -> 0 | N2: =IF(L2="","",ROUND(L2*(1+M2),2)) -> 5379.5 | O2: =IF(OR(A2="",Itens!H2=""),"",Itens!H2) | P2: =IF(OR(N2="",D2=""),"",IF(O2="",N2,MIN(N2,O2))*D2) -> 806925 | Q2: =IF(A2="","",TRIM(IF(E2<3,"Menos de 3 preços válidos: justificar e aprovar (art. 6º, § 5º). ","")&IF(COUNTIFS(Coleta!$A$2:$A$301,A2,Coleta!$H$2:$H$301,"Válido",Coleta!$B$2:$B$301,"I")+COUNTIFS(Coleta!$A$2:$A$301,A2,Coleta!$H$2:$H$301,"Válido",Coleta!$B$2:$B$301,"II")=0,"Sem preço dos parâmetros I ou II: justificar (art. 5º, § 1º). ","")&IF(AND(J2<>"",J2>Identificação!$B$9),"CV acima do limite: análise crítica (art. 6º, § 4º). ","")&IF(K2="","Escolher o método na aba Itens. ","")&IF(AND(O2<>"",N2<>"",N2>O2),"Estimado acima do PMC-TIC: usado o PMC-TIC (IN 94, art. 20, § 3º). ",""))) -> Menos de 3 preços válidos: justificar e aprovar (art. 6º, § 5º).
A3: =IF(Itens!A3="","",Itens!A3) | B3: =IF(A3="","",Itens!B3) | C3: =IF(A3="","",Itens!D3) | D3: =IF(A3="","",Itens!E3) | E3: =IF(A3="","",COUNTIFS(Coleta!$A$2:$A$301,A3,Coleta!$H$2:$H$301,"Válido")) | F3: =IF(OR(A3="",E3=0),"",AVERAGEIFS(Coleta!$G$2:$G$301,Coleta!$A$2:$A$301,A3,Coleta!$H$2:$H$301,"Válido")) | G3: {=IF(OR(A3="",E3=0),"",MEDIAN(IF((Coleta!$A$2:$A$301=A3)*(Coleta!$H$2:$H$301="Válido"),Coleta!$G$2:$G$301)))} | H3: =IF(OR(A3="",E3=0),"",_xlfn.MINIFS(Coleta!$G$2:$G$301,Coleta!$A$2:$A$301,A3,Coleta!$H$2:$H$301,"Válido")) | I3: {=IF(OR(A3="",E3<2),"",STDEV(IF((Coleta!$A$2:$A$301=A3)*(Coleta!$H$2:$H$301="Válido"),Coleta!$G$2:$G$301)))} | J3: =IF(OR(A3="",E3<2),"",I3/F3) | K3: =IF(A3="","",Itens!F3) | L3: =IF(OR(A3="",E3=0,K3=""),"",IF(K3="Média",F3,IF(K3="Mediana",G3,H3))) | M3: =IF(A3="","",IF(Itens!G3="",0,Itens!G3)) | N3: =IF(L3="","",ROUND(L3*(1+M3),2)) | O3: =IF(OR(A3="",Itens!H3=""),"",Itens!H3) | P3: =IF(OR(N3="",D3=""),"",IF(O3="",N3,MIN(N3,O3))*D3) | Q3: =IF(A3="","",TRIM(IF(E3<3,"Menos de 3 preços válidos: justificar e aprovar (art. 6º, § 5º). ","")&IF(COUNTIFS(Coleta!$A$2:$A$301,A3,Coleta!$H$2:$H$301,"Válido",Coleta!$B$2:$B$301,"I")+COUNTIFS(Coleta!$A$2:$A$301,A3,Coleta!$H$2:$H$301,"Válido",Coleta!$B$2:$B$301,"II")=0,"Sem preço dos parâmetros I ou II: justificar (art. 5º, § 1º). ","")&IF(AND(J3<>"",J3>Identificação!$B$9),"CV acima do limite: análise crítica (art. 6º, § 4º). ","")&IF(K3="","Escolher o método na aba Itens. ","")&IF(AND(O3<>"",N3<>"",N3>O3),"Estimado acima do PMC-TIC: usado o PMC-TIC (IN 94, art. 20, § 3º). ","")))
A4: =IF(Itens!A4="","",Itens!A4) | B4: =IF(A4="","",Itens!B4) | C4: =IF(A4="","",Itens!D4) | D4: =IF(A4="","",Itens!E4) | E4: =IF(A4="","",COUNTIFS(Coleta!$A$2:$A$301,A4,Coleta!$H$2:$H$301,"Válido")) | F4: =IF(OR(A4="",E4=0),"",AVERAGEIFS(Coleta!$G$2:$G$301,Coleta!$A$2:$A$301,A4,Coleta!$H$2:$H$301,"Válido")) | G4: {=IF(OR(A4="",E4=0),"",MEDIAN(IF((Coleta!$A$2:$A$301=A4)*(Coleta!$H$2:$H$301="Válido"),Coleta!$G$2:$G$301)))} | H4: =IF(OR(A4="",E4=0),"",_xlfn.MINIFS(Coleta!$G$2:$G$301,Coleta!$A$2:$A$301,A4,Coleta!$H$2:$H$301,"Válido")) | I4: {=IF(OR(A4="",E4<2),"",STDEV(IF((Coleta!$A$2:$A$301=A4)*(Coleta!$H$2:$H$301="Válido"),Coleta!$G$2:$G$301)))} | J4: =IF(OR(A4="",E4<2),"",I4/F4) | K4: =IF(A4="","",Itens!F4) | L4: =IF(OR(A4="",E4=0,K4=""),"",IF(K4="Média",F4,IF(K4="Mediana",G4,H4))) | M4: =IF(A4="","",IF(Itens!G4="",0,Itens!G4)) | N4: =IF(L4="","",ROUND(L4*(1+M4),2)) | O4: =IF(OR(A4="",Itens!H4=""),"",Itens!H4) | P4: =IF(OR(N4="",D4=""),"",IF(O4="",N4,MIN(N4,O4))*D4) | Q4: =IF(A4="","",TRIM(IF(E4<3,"Menos de 3 preços válidos: justificar e aprovar (art. 6º, § 5º). ","")&IF(COUNTIFS(Coleta!$A$2:$A$301,A4,Coleta!$H$2:$H$301,"Válido",Coleta!$B$2:$B$301,"I")+COUNTIFS(Coleta!$A$2:$A$301,A4,Coleta!$H$2:$H$301,"Válido",Coleta!$B$2:$B$301,"II")=0,"Sem preço dos parâmetros I ou II: justificar (art. 5º, § 1º). ","")&IF(AND(J4<>"",J4>Identificação!$B$9),"CV acima do limite: análise crítica (art. 6º, § 4º). ","")&IF(K4="","Escolher o método na aba Itens. ","")&IF(AND(O4<>"",N4<>"",N4>O4),"Estimado acima do PMC-TIC: usado o PMC-TIC (IN 94, art. 20, § 3º). ","")))
A5: =IF(Itens!A5="","",Itens!A5) | B5: =IF(A5="","",Itens!B5) | C5: =IF(A5="","",Itens!D5) | D5: =IF(A5="","",Itens!E5) | E5: =IF(A5="","",COUNTIFS(Coleta!$A$2:$A$301,A5,Coleta!$H$2:$H$301,"Válido")) | F5: =IF(OR(A5="",E5=0),"",AVERAGEIFS(Coleta!$G$2:$G$301,Coleta!$A$2:$A$301,A5,Coleta!$H$2:$H$301,"Válido")) | G5: {=IF(OR(A5="",E5=0),"",MEDIAN(IF((Coleta!$A$2:$A$301=A5)*(Coleta!$H$2:$H$301="Válido"),Coleta!$G$2:$G$301)))} | H5: =IF(OR(A5="",E5=0),"",_xlfn.MINIFS(Coleta!$G$2:$G$301,Coleta!$A$2:$A$301,A5,Coleta!$H$2:$H$301,"Válido")) | I5: {=IF(OR(A5="",E5<2),"",STDEV(IF((Coleta!$A$2:$A$301=A5)*(Coleta!$H$2:$H$301="Válido"),Coleta!$G$2:$G$301)))} | J5: =IF(OR(A5="",E5<2),"",I5/F5) | K5: =IF(A5="","",Itens!F5) | L5: =IF(OR(A5="",E5=0,K5=""),"",IF(K5="Média",F5,IF(K5="Mediana",G5,H5))) | M5: =IF(A5="","",IF(Itens!G5="",0,Itens!G5)) | N5: =IF(L5="","",ROUND(L5*(1+M5),2)) | O5: =IF(OR(A5="",Itens!H5=""),"",Itens!H5) | P5: =IF(OR(N5="",D5=""),"",IF(O5="",N5,MIN(N5,O5))*D5) | Q5: =IF(A5="","",TRIM(IF(E5<3,"Menos de 3 preços válidos: justificar e aprovar (art. 6º, § 5º). ","")&IF(COUNTIFS(Coleta!$A$2:$A$301,A5,Coleta!$H$2:$H$301,"Válido",Coleta!$B$2:$B$301,"I")+COUNTIFS(Coleta!$A$2:$A$301,A5,Coleta!$H$2:$H$301,"Válido",Coleta!$B$2:$B$301,"II")=0,"Sem preço dos parâmetros I ou II: justificar (art. 5º, § 1º). ","")&IF(AND(J5<>"",J5>Identificação!$B$9),"CV acima do limite: análise crítica (art. 6º, § 4º). ","")&IF(K5="","Escolher o método na aba Itens. ","")&IF(AND(O5<>"",N5<>"",N5>O5),"Estimado acima do PMC-TIC: usado o PMC-TIC (IN 94, art. 20, § 3º). ","")))
A6: =IF(Itens!A6="","",Itens!A6) | B6: =IF(A6="","",Itens!B6) | C6: =IF(A6="","",Itens!D6) | D6: =IF(A6="","",Itens!E6) | E6: =IF(A6="","",COUNTIFS(Coleta!$A$2:$A$301,A6,Coleta!$H$2:$H$301,"Válido")) | F6: =IF(OR(A6="",E6=0),"",AVERAGEIFS(Coleta!$G$2:$G$301,Coleta!$A$2:$A$301,A6,Coleta!$H$2:$H$301,"Válido")) | G6: {=IF(OR(A6="",E6=0),"",MEDIAN(IF((Coleta!$A$2:$A$301=A6)*(Coleta!$H$2:$H$301="Válido"),Coleta!$G$2:$G$301)))} | H6: =IF(OR(A6="",E6=0),"",_xlfn.MINIFS(Coleta!$G$2:$G$301,Coleta!$A$2:$A$301,A6,Coleta!$H$2:$H$301,"Válido")) | I6: {=IF(OR(A6="",E6<2),"",STDEV(IF((Coleta!$A$2:$A$301=A6)*(Coleta!$H$2:$H$301="Válido"),Coleta!$G$2:$G$301)))} | J6: =IF(OR(A6="",E6<2),"",I6/F6) | K6: =IF(A6="","",Itens!F6) | L6: =IF(OR(A6="",E6=0,K6=""),"",IF(K6="Média",F6,IF(K6="Mediana",G6,H6))) | M6: =IF(A6="","",IF(Itens!G6="",0,Itens!G6)) | N6: =IF(L6="","",ROUND(L6*(1+M6),2)) | O6: =IF(OR(A6="",Itens!H6=""),"",Itens!H6) | P6: =IF(OR(N6="",D6=""),"",IF(O6="",N6,MIN(N6,O6))*D6) | Q6: =IF(A6="","",TRIM(IF(E6<3,"Menos de 3 preços válidos: justificar e aprovar (art. 6º, § 5º). ","")&IF(COUNTIFS(Coleta!$A$2:$A$301,A6,Coleta!$H$2:$H$301,"Válido",Coleta!$B$2:$B$301,"I")+COUNTIFS(Coleta!$A$2:$A$301,A6,Coleta!$H$2:$H$301,"Válido",Coleta!$B$2:$B$301,"II")=0,"Sem preço dos parâmetros I ou II: justificar (art. 5º, § 1º). ","")&IF(AND(J6<>"",J6>Identificação!$B$9),"CV acima do limite: análise crítica (art. 6º, § 4º). ","")&IF(K6="","Escolher o método na aba Itens. ","")&IF(AND(O6<>"",N6<>"",N6>O6),"Estimado acima do PMC-TIC: usado o PMC-TIC (IN 94, art. 20, § 3º). ","")))
A7: =IF(Itens!A7="","",Itens!A7) | B7: =IF(A7="","",Itens!B7) | C7: =IF(A7="","",Itens!D7) | D7: =IF(A7="","",Itens!E7) | E7: =IF(A7="","",COUNTIFS(Coleta!$A$2:$A$301,A7,Coleta!$H$2:$H$301,"Válido")) | F7: =IF(OR(A7="",E7=0),"",AVERAGEIFS(Coleta!$G$2:$G$301,Coleta!$A$2:$A$301,A7,Coleta!$H$2:$H$301,"Válido")) | G7: {=IF(OR(A7="",E7=0),"",MEDIAN(IF((Coleta!$A$2:$A$301=A7)*(Coleta!$H$2:$H$301="Válido"),Coleta!$G$2:$G$301)))} | H7: =IF(OR(A7="",E7=0),"",_xlfn.MINIFS(Coleta!$G$2:$G$301,Coleta!$A$2:$A$301,A7,Coleta!$H$2:$H$301,"Válido")) | I7: {=IF(OR(A7="",E7<2),"",STDEV(IF((Coleta!$A$2:$A$301=A7)*(Coleta!$H$2:$H$301="Válido"),Coleta!$G$2:$G$301)))} | J7: =IF(OR(A7="",E7<2),"",I7/F7) | K7: =IF(A7="","",Itens!F7) | L7: =IF(OR(A7="",E7=0,K7=""),"",IF(K7="Média",F7,IF(K7="Mediana",G7,H7))) | M7: =IF(A7="","",IF(Itens!G7="",0,Itens!G7)) | N7: =IF(L7="","",ROUND(L7*(1+M7),2)) | O7: =IF(OR(A7="",Itens!H7=""),"",Itens!H7) | P7: =IF(OR(N7="",D7=""),"",IF(O7="",N7,MIN(N7,O7))*D7) | Q7: =IF(A7="","",TRIM(IF(E7<3,"Menos de 3 preços válidos: justificar e aprovar (art. 6º, § 5º). ","")&IF(COUNTIFS(Coleta!$A$2:$A$301,A7,Coleta!$H$2:$H$301,"Válido",Coleta!$B$2:$B$301,"I")+COUNTIFS(Coleta!$A$2:$A$301,A7,Coleta!$H$2:$H$301,"Válido",Coleta!$B$2:$B$301,"II")=0,"Sem preço dos parâmetros I ou II: justificar (art. 5º, § 1º). ","")&IF(AND(J7<>"",J7>Identificação!$B$9),"CV acima do limite: análise crítica (art. 6º, § 4º). ","")&IF(K7="","Escolher o método na aba Itens. ","")&IF(AND(O7<>"",N7<>"",N7>O7),"Estimado acima do PMC-TIC: usado o PMC-TIC (IN 94, art. 20, § 3º). ","")))
A8: =IF(Itens!A8="","",Itens!A8) | B8: =IF(A8="","",Itens!B8) | C8: =IF(A8="","",Itens!D8) | D8: =IF(A8="","",Itens!E8) | E8: =IF(A8="","",COUNTIFS(Coleta!$A$2:$A$301,A8,Coleta!$H$2:$H$301,"Válido")) | F8: =IF(OR(A8="",E8=0),"",AVERAGEIFS(Coleta!$G$2:$G$301,Coleta!$A$2:$A$301,A8,Coleta!$H$2:$H$301,"Válido")) | G8: {=IF(OR(A8="",E8=0),"",MEDIAN(IF((Coleta!$A$2:$A$301=A8)*(Coleta!$H$2:$H$301="Válido"),Coleta!$G$2:$G$301)))} | H8: =IF(OR(A8="",E8=0),"",_xlfn.MINIFS(Coleta!$G$2:$G$301,Coleta!$A$2:$A$301,A8,Coleta!$H$2:$H$301,"Válido")) | I8: {=IF(OR(A8="",E8<2),"",STDEV(IF((Coleta!$A$2:$A$301=A8)*(Coleta!$H$2:$H$301="Válido"),Coleta!$G$2:$G$301)))} | J8: =IF(OR(A8="",E8<2),"",I8/F8) | K8: =IF(A8="","",Itens!F8) | L8: =IF(OR(A8="",E8=0,K8=""),"",IF(K8="Média",F8,IF(K8="Mediana",G8,H8))) | M8: =IF(A8="","",IF(Itens!G8="",0,Itens!G8)) | N8: =IF(L8="","",ROUND(L8*(1+M8),2)) | O8: =IF(OR(A8="",Itens!H8=""),"",Itens!H8) | P8: =IF(OR(N8="",D8=""),"",IF(O8="",N8,MIN(N8,O8))*D8) | Q8: =IF(A8="","",TRIM(IF(E8<3,"Menos de 3 preços válidos: justificar e aprovar (art. 6º, § 5º). ","")&IF(COUNTIFS(Coleta!$A$2:$A$301,A8,Coleta!$H$2:$H$301,"Válido",Coleta!$B$2:$B$301,"I")+COUNTIFS(Coleta!$A$2:$A$301,A8,Coleta!$H$2:$H$301,"Válido",Coleta!$B$2:$B$301,"II")=0,"Sem preço dos parâmetros I ou II: justificar (art. 5º, § 1º). ","")&IF(AND(J8<>"",J8>Identificação!$B$9),"CV acima do limite: análise crítica (art. 6º, § 4º). ","")&IF(K8="","Escolher o método na aba Itens. ","")&IF(AND(O8<>"",N8<>"",N8>O8),"Estimado acima do PMC-TIC: usado o PMC-TIC (IN 94, art. 20, § 3º). ","")))
A9: =IF(Itens!A9="","",Itens!A9) | B9: =IF(A9="","",Itens!B9) | C9: =IF(A9="","",Itens!D9) | D9: =IF(A9="","",Itens!E9) | E9: =IF(A9="","",COUNTIFS(Coleta!$A$2:$A$301,A9,Coleta!$H$2:$H$301,"Válido")) | F9: =IF(OR(A9="",E9=0),"",AVERAGEIFS(Coleta!$G$2:$G$301,Coleta!$A$2:$A$301,A9,Coleta!$H$2:$H$301,"Válido")) | G9: {=IF(OR(A9="",E9=0),"",MEDIAN(IF((Coleta!$A$2:$A$301=A9)*(Coleta!$H$2:$H$301="Válido"),Coleta!$G$2:$G$301)))} | H9: =IF(OR(A9="",E9=0),"",_xlfn.MINIFS(Coleta!$G$2:$G$301,Coleta!$A$2:$A$301,A9,Coleta!$H$2:$H$301,"Válido")) | I9: {=IF(OR(A9="",E9<2),"",STDEV(IF((Coleta!$A$2:$A$301=A9)*(Coleta!$H$2:$H$301="Válido"),Coleta!$G$2:$G$301)))} | J9: =IF(OR(A9="",E9<2),"",I9/F9) | K9: =IF(A9="","",Itens!F9) | L9: =IF(OR(A9="",E9=0,K9=""),"",IF(K9="Média",F9,IF(K9="Mediana",G9,H9))) | M9: =IF(A9="","",IF(Itens!G9="",0,Itens!G9)) | N9: =IF(L9="","",ROUND(L9*(1+M9),2)) | O9: =IF(OR(A9="",Itens!H9=""),"",Itens!H9) | P9: =IF(OR(N9="",D9=""),"",IF(O9="",N9,MIN(N9,O9))*D9) | Q9: =IF(A9="","",TRIM(IF(E9<3,"Menos de 3 preços válidos: justificar e aprovar (art. 6º, § 5º). ","")&IF(COUNTIFS(Coleta!$A$2:$A$301,A9,Coleta!$H$2:$H$301,"Válido",Coleta!$B$2:$B$301,"I")+COUNTIFS(Coleta!$A$2:$A$301,A9,Coleta!$H$2:$H$301,"Válido",Coleta!$B$2:$B$301,"II")=0,"Sem preço dos parâmetros I ou II: justificar (art. 5º, § 1º). ","")&IF(AND(J9<>"",J9>Identificação!$B$9),"CV acima do limite: análise crítica (art. 6º, § 4º). ","")&IF(K9="","Escolher o método na aba Itens. ","")&IF(AND(O9<>"",N9<>"",N9>O9),"Estimado acima do PMC-TIC: usado o PMC-TIC (IN 94, art. 20, § 3º). ","")))
A10: =IF(Itens!A10="","",Itens!A10) | B10: =IF(A10="","",Itens!B10) | C10: =IF(A10="","",Itens!D10) | D10: =IF(A10="","",Itens!E10) | E10: =IF(A10="","",COUNTIFS(Coleta!$A$2:$A$301,A10,Coleta!$H$2:$H$301,"Válido")) | F10: =IF(OR(A10="",E10=0),"",AVERAGEIFS(Coleta!$G$2:$G$301,Coleta!$A$2:$A$301,A10,Coleta!$H$2:$H$301,"Válido")) | G10: {=IF(OR(A10="",E10=0),"",MEDIAN(IF((Coleta!$A$2:$A$301=A10)*(Coleta!$H$2:$H$301="Válido"),Coleta!$G$2:$G$301)))} | H10: =IF(OR(A10="",E10=0),"",_xlfn.MINIFS(Coleta!$G$2:$G$301,Coleta!$A$2:$A$301,A10,Coleta!$H$2:$H$301,"Válido")) | I10: {=IF(OR(A10="",E10<2),"",STDEV(IF((Coleta!$A$2:$A$301=A10)*(Coleta!$H$2:$H$301="Válido"),Coleta!$G$2:$G$301)))} | J10: =IF(OR(A10="",E10<2),"",I10/F10) | K10: =IF(A10="","",Itens!F10) | L10: =IF(OR(A10="",E10=0,K10=""),"",IF(K10="Média",F10,IF(K10="Mediana",G10,H10))) | M10: =IF(A10="","",IF(Itens!G10="",0,Itens!G10)) | N10: =IF(L10="","",ROUND(L10*(1+M10),2)) | O10: =IF(OR(A10="",Itens!H10=""),"",Itens!H10) | P10: =IF(OR(N10="",D10=""),"",IF(O10="",N10,MIN(N10,O10))*D10) | Q10: =IF(A10="","",TRIM(IF(E10<3,"Menos de 3 preços válidos: justificar e aprovar (art. 6º, § 5º). ","")&IF(COUNTIFS(Coleta!$A$2:$A$301,A10,Coleta!$H$2:$H$301,"Válido",Coleta!$B$2:$B$301,"I")+COUNTIFS(Coleta!$A$2:$A$301,A10,Coleta!$H$2:$H$301,"Válido",Coleta!$B$2:$B$301,"II")=0,"Sem preço dos parâmetros I ou II: justificar (art. 5º, § 1º). ","")&IF(AND(J10<>"",J10>Identificação!$B$9),"CV acima do limite: análise crítica (art. 6º, § 4º). ","")&IF(K10="","Escolher o método na aba Itens. ","")&IF(AND(O10<>"",N10<>"",N10>O10),"Estimado acima do PMC-TIC: usado o PMC-TIC (IN 94, art. 20, § 3º). ","")))
A11: =IF(Itens!A11="","",Itens!A11) | B11: =IF(A11="","",Itens!B11) | C11: =IF(A11="","",Itens!D11) | D11: =IF(A11="","",Itens!E11) | E11: =IF(A11="","",COUNTIFS(Coleta!$A$2:$A$301,A11,Coleta!$H$2:$H$301,"Válido")) | F11: =IF(OR(A11="",E11=0),"",AVERAGEIFS(Coleta!$G$2:$G$301,Coleta!$A$2:$A$301,A11,Coleta!$H$2:$H$301,"Válido")) | G11: {=IF(OR(A11="",E11=0),"",MEDIAN(IF((Coleta!$A$2:$A$301=A11)*(Coleta!$H$2:$H$301="Válido"),Coleta!$G$2:$G$301)))} | H11: =IF(OR(A11="",E11=0),"",_xlfn.MINIFS(Coleta!$G$2:$G$301,Coleta!$A$2:$A$301,A11,Coleta!$H$2:$H$301,"Válido")) | I11: {=IF(OR(A11="",E11<2),"",STDEV(IF((Coleta!$A$2:$A$301=A11)*(Coleta!$H$2:$H$301="Válido"),Coleta!$G$2:$G$301)))} | J11: =IF(OR(A11="",E11<2),"",I11/F11) | K11: =IF(A11="","",Itens!F11) | L11: =IF(OR(A11="",E11=0,K11=""),"",IF(K11="Média",F11,IF(K11="Mediana",G11,H11))) | M11: =IF(A11="","",IF(Itens!G11="",0,Itens!G11)) | N11: =IF(L11="","",ROUND(L11*(1+M11),2)) | O11: =IF(OR(A11="",Itens!H11=""),"",Itens!H11) | P11: =IF(OR(N11="",D11=""),"",IF(O11="",N11,MIN(N11,O11))*D11) | Q11: =IF(A11="","",TRIM(IF(E11<3,"Menos de 3 preços válidos: justificar e aprovar (art. 6º, § 5º). ","")&IF(COUNTIFS(Coleta!$A$2:$A$301,A11,Coleta!$H$2:$H$301,"Válido",Coleta!$B$2:$B$301,"I")+COUNTIFS(Coleta!$A$2:$A$301,A11,Coleta!$H$2:$H$301,"Válido",Coleta!$B$2:$B$301,"II")=0,"Sem preço dos parâmetros I ou II: justificar (art. 5º, § 1º). ","")&IF(AND(J11<>"",J11>Identificação!$B$9),"CV acima do limite: análise crítica (art. 6º, § 4º). ","")&IF(K11="","Escolher o método na aba Itens. ","")&IF(AND(O11<>"",N11<>"",N11>O11),"Estimado acima do PMC-TIC: usado o PMC-TIC (IN 94, art. 20, § 3º). ","")))
A12: =IF(Itens!A12="","",Itens!A12) | B12: =IF(A12="","",Itens!B12) | C12: =IF(A12="","",Itens!D12) | D12: =IF(A12="","",Itens!E12) | E12: =IF(A12="","",COUNTIFS(Coleta!$A$2:$A$301,A12,Coleta!$H$2:$H$301,"Válido")) | F12: =IF(OR(A12="",E12=0),"",AVERAGEIFS(Coleta!$G$2:$G$301,Coleta!$A$2:$A$301,A12,Coleta!$H$2:$H$301,"Válido")) | G12: {=IF(OR(A12="",E12=0),"",MEDIAN(IF((Coleta!$A$2:$A$301=A12)*(Coleta!$H$2:$H$301="Válido"),Coleta!$G$2:$G$301)))} | H12: =IF(OR(A12="",E12=0),"",_xlfn.MINIFS(Coleta!$G$2:$G$301,Coleta!$A$2:$A$301,A12,Coleta!$H$2:$H$301,"Válido")) | I12: {=IF(OR(A12="",E12<2),"",STDEV(IF((Coleta!$A$2:$A$301=A12)*(Coleta!$H$2:$H$301="Válido"),Coleta!$G$2:$G$301)))} | J12: =IF(OR(A12="",E12<2),"",I12/F12) | K12: =IF(A12="","",Itens!F12) | L12: =IF(OR(A12="",E12=0,K12=""),"",IF(K12="Média",F12,IF(K12="Mediana",G12,H12))) | M12: =IF(A12="","",IF(Itens!G12="",0,Itens!G12)) | N12: =IF(L12="","",ROUND(L12*(1+M12),2)) | O12: =IF(OR(A12="",Itens!H12=""),"",Itens!H12) | P12: =IF(OR(N12="",D12=""),"",IF(O12="",N12,MIN(N12,O12))*D12) | Q12: =IF(A12="","",TRIM(IF(E12<3,"Menos de 3 preços válidos: justificar e aprovar (art. 6º, § 5º). ","")&IF(COUNTIFS(Coleta!$A$2:$A$301,A12,Coleta!$H$2:$H$301,"Válido",Coleta!$B$2:$B$301,"I")+COUNTIFS(Coleta!$A$2:$A$301,A12,Coleta!$H$2:$H$301,"Válido",Coleta!$B$2:$B$301,"II")=0,"Sem preço dos parâmetros I ou II: justificar (art. 5º, § 1º). ","")&IF(AND(J12<>"",J12>Identificação!$B$9),"CV acima do limite: análise crítica (art. 6º, § 4º). ","")&IF(K12="","Escolher o método na aba Itens. ","")&IF(AND(O12<>"",N12<>"",N12>O12),"Estimado acima do PMC-TIC: usado o PMC-TIC (IN 94, art. 20, § 3º). ","")))
A13: =IF(Itens!A13="","",Itens!A13) | B13: =IF(A13="","",Itens!B13) | C13: =IF(A13="","",Itens!D13) | D13: =IF(A13="","",Itens!E13) | E13: =IF(A13="","",COUNTIFS(Coleta!$A$2:$A$301,A13,Coleta!$H$2:$H$301,"Válido")) | F13: =IF(OR(A13="",E13=0),"",AVERAGEIFS(Coleta!$G$2:$G$301,Coleta!$A$2:$A$301,A13,Coleta!$H$2:$H$301,"Válido")) | G13: {=IF(OR(A13="",E13=0),"",MEDIAN(IF((Coleta!$A$2:$A$301=A13)*(Coleta!$H$2:$H$301="Válido"),Coleta!$G$2:$G$301)))} | H13: =IF(OR(A13="",E13=0),"",_xlfn.MINIFS(Coleta!$G$2:$G$301,Coleta!$A$2:$A$301,A13,Coleta!$H$2:$H$301,"Válido")) | I13: {=IF(OR(A13="",E13<2),"",STDEV(IF((Coleta!$A$2:$A$301=A13)*(Coleta!$H$2:$H$301="Válido"),Coleta!$G$2:$G$301)))} | J13: =IF(OR(A13="",E13<2),"",I13/F13) | K13: =IF(A13="","",Itens!F13) | L13: =IF(OR(A13="",E13=0,K13=""),"",IF(K13="Média",F13,IF(K13="Mediana",G13,H13))) | M13: =IF(A13="","",IF(Itens!G13="",0,Itens!G13)) | N13: =IF(L13="","",ROUND(L13*(1+M13),2)) | O13: =IF(OR(A13="",Itens!H13=""),"",Itens!H13) | P13: =IF(OR(N13="",D13=""),"",IF(O13="",N13,MIN(N13,O13))*D13) | Q13: =IF(A13="","",TRIM(IF(E13<3,"Menos de 3 preços válidos: justificar e aprovar (art. 6º, § 5º). ","")&IF(COUNTIFS(Coleta!$A$2:$A$301,A13,Coleta!$H$2:$H$301,"Válido",Coleta!$B$2:$B$301,"I")+COUNTIFS(Coleta!$A$2:$A$301,A13,Coleta!$H$2:$H$301,"Válido",Coleta!$B$2:$B$301,"II")=0,"Sem preço dos parâmetros I ou II: justificar (art. 5º, § 1º). ","")&IF(AND(J13<>"",J13>Identificação!$B$9),"CV acima do limite: análise crítica (art. 6º, § 4º). ","")&IF(K13="","Escolher o método na aba Itens. ","")&IF(AND(O13<>"",N13<>"",N13>O13),"Estimado acima do PMC-TIC: usado o PMC-TIC (IN 94, art. 20, § 3º). ","")))
... A31: =IF(Itens!A31="","",Itens!A31) | B31: =IF(A31="","",Itens!B31) | C31: =IF(A31="","",Itens!D31) | D31: =IF(A31="","",Itens!E31) | E31: =IF(A31="","",COUNTIFS(Coleta!$A$2:$A$301,A31,Coleta!$H$2:$H$301,"Válido")) | F31: =IF(OR(A31="",E31=0),"",AVERAGEIFS(Coleta!$G$2:$G$301,Coleta!$A$2:$A$301,A31,Coleta!$H$2:$H$301,"Válido")) | G31: {=IF(OR(A31="",E31=0),"",MEDIAN(IF((Coleta!$A$2:$A$301=A31)*(Coleta!$H$2:$H$301="Válido"),Coleta!$G$2:$G$301)))} | H31: =IF(OR(A31="",E31=0),"",_xlfn.MINIFS(Coleta!$G$2:$G$301,Coleta!$A$2:$A$301,A31,Coleta!$H$2:$H$301,"Válido")) | I31: {=IF(OR(A31="",E31<2),"",STDEV(IF((Coleta!$A$2:$A$301=A31)*(Coleta!$H$2:$H$301="Válido"),Coleta!$G$2:$G$301)))} | J31: =IF(OR(A31="",E31<2),"",I31/F31) | K31: =IF(A31="","",Itens!F31) | L31: =IF(OR(A31="",E31=0,K31=""),"",IF(K31="Média",F31,IF(K31="Mediana",G31,H31))) | M31: =IF(A31="","",IF(Itens!G31="",0,Itens!G31)) | N31: =IF(L31="","",ROUND(L31*(1+M31),2)) | O31: =IF(OR(A31="",Itens!H31=""),"",Itens!H31) | P31: =IF(OR(N31="",D31=""),"",IF(O31="",N31,MIN(N31,O31))*D31) | Q31: =IF(A31="","",TRIM(IF(E31<3,"Menos de 3 preços válidos: justificar e aprovar (art. 6º, § 5º). ","")&IF(COUNTIFS(Coleta!$A$2:$A$301,A31,Coleta!$H$2:$H$301,"Válido",Coleta!$B$2:$B$301,"I")+COUNTIFS(Coleta!$A$2:$A$301,A31,Coleta!$H$2:$H$301,"Válido",Coleta!$B$2:$B$301,"II")=0,"Sem preço dos parâmetros I ou II: justificar (art. 5º, § 1º). ","")&IF(AND(J31<>"",J31>Identificação!$B$9),"CV acima do limite: análise crítica (art. 6º, § 4º). ","")&IF(K31="","Escolher o método na aba Itens. ","")&IF(AND(O31<>"",N31<>"",N31>O31),"Estimado acima do PMC-TIC: usado o PMC-TIC (IN 94, art. 20, § 3º). ","")))
O33: TOTAL | P33: =SUM(P2:P31) -> 806925

Sheet Justificativas
A1: Justificativas da pesquisa de preços
A3: Caracterização das fontes consultadas (art. 3º, III)
A4: Método estatístico aplicado e justificativa (art. 3º, V e VI; art. 6º)
A5: Critérios para desconsiderar valores inexequíveis, inconsistentes ou excessivamente elevados (art. 6º, § 3º)
A6: Análise crítica dos preços com grande variação (art. 6º, § 4º)
A7: Justificativa da ausência dos parâmetros I e II, se for o caso (art. 5º, § 1º)
A8: Justificativa da escolha dos fornecedores na pesquisa direta (art. 3º, VIII)
A9: Uso de propostas de fornecedores como única fonte, se for o caso (IN 94, art. 20, § 1º)
A10: Itens com menos de 3 preços ou outro método: justificativa e aprovação (art. 6º, §§ 1º e 5º)
A11: Orçamentos fora do prazo e índice de atualização usado (art. 5º, § 3º)
A12: Memória de cálculo e documentos de suporte (art. 3º, VII)
